<?xml version="1.0" encoding="UTF-8"?>
<!DOCTYPE configuration PUBLIC "-//NetBeans//DTD Tool Configuration 1.0//EN" "http://www.netbeans.org/dtds/ToolConfiguration-1_0.dtd">
<configuration>
    <tool kind="hints" type="text/x-java">
        <node name="Javac_UNCHECKED">
            <attribute name="enabled" value="true"/>
        </node>
        <node name="Javac_DIVISION_BY_ZERO">
            <attribute name="enabled" value="true"/>
        </node>
        <node name="Javac_OVERRIDES">
            <attribute name="enabled" value="true"/>
        </node>
        <node name="Javac_SERIALIZATION">
            <attribute name="enabled" value="true"/>
        </node>
        <node name="Javac_UNNECESSARY_CAST">
            <attribute name="enabled" value="true"/>
        </node>
        <node name="Javac_DEPRECATED">
            <attribute name="enabled" value="true"/>
        </node>
        <node name="Javac_RAWTYPES">
            <attribute name="enabled" value="true"/>
        </node>
        <node name="Javac_FALLTHROUGH">
            <attribute name="enabled" value="true"/>
        </node>
        <node name="Javac_EMPTY_STATEMENT_AFTER_IF">
            <attribute name="enabled" value="true"/>
        </node>
        <node name="Javac_FINALLY">
            <attribute name="enabled" value="true"/>
        </node>
        <node name="org.netbeans.modules.java.hints.jdk.mapreduce.ForLoopToFunctionalHint">
            <attribute name="enabled" value="false"/>
        </node>
    </tool>
</configuration>
